business_name,start_date,end_date,start_time,end_time,display_schedule,display_address,geocode_address,latitude,longitude,geocode_status
Blended 8,9/10/2025,9/10/2026,9:30:00 AM,10:00:00 AM,09/10/2025 9:30 AM - 09/10/2026 10:00 AM,Address unavailable,,,,no_usable_address
Dorothy and Totos Kettle,4/2/2026,10/31/2026,9:00:00 AM,10:00:00 AM,04/02/2026 9:00 AM - 10/31/2026 10:00 AM,"7 S Monroe St, Rockford, Michigan 49341, United States","7 S Monroe St, Rockford, Michigan 49341",43.119521971382,-85.558566593359,geocoded
Sweet Caroline's Ice Cream,5/1/2026,10/31/2026,9:00:00 AM,9:30:00 AM,05/01/2026 9:00 AM - 10/31/2026 9:30 AM,9807 cherry valley caledonia mi,9807 cherry valley caledonia MI,42.785986765654,-85.507382669257,geocoded
Cherrywood Smoke House,5/6/2026,10/28/2026,8:00:00 AM,9:00:00 AM,05/06/2026 8:00 AM - 10/28/2026 9:00 AM,"400 W Main St, Lowell, MI 49331","400 W Main St, Lowell, MI 49331",42.933278513576,-85.34216831687,geocoded
Kool Breeze,5/10/2026,7/31/2026,8:00:00 AM,9:00:00 AM,05/10/2026 8:00 AM - 07/31/2026 9:00 AM,"2001 Monroe Ave NE, Grand Rapids, Michigan 49505, United States","2001 Monroe Ave NE, Grand Rapids, Michigan 49505",43.010558245612,-85.666243219391,geocoded
Pilar's Empanadas,5/10/2026,11/1/2026,8:00:00 AM,9:00:00 AM,05/10/2026 8:00 AM - 11/01/2026 9:00 AM,"N Main St, Rockford, MI 49341","N Main St, Rockford, MI 49341",43.124327654756,-85.559567228153,geocoded
Los Pinches Tacos,5/15/2026,8/14/2026,10:00:00 AM,11:00:00 AM,05/15/2026 10:00 AM - 08/14/2026 11:00 AM,"2001 Monroe Ave NW, Grand Rapids, MI 49505","2001 Monroe Ave NW, Grand Rapids, MI 49505",43.00014233822,-85.671030527759,geocoded
Magical Confections,5/22/2026,8/7/2026,2:00:00 PM,3:00:00 PM,05/22/2026 2:00 PM - 08/07/2026 3:00 PM,"2001 Monroe Ave NW, Grand Rapids, MI 49505","2001 Monroe Ave NW, Grand Rapids, MI 49505",43.00014233822,-85.671030527759,geocoded
Say Cheese Curd,5/22/2026,7/24/2026,5:00:00 PM,6:00:00 PM,05/22/2026 5:00 PM - 07/24/2026 6:00 PM,"2001 Monroe Ave NW, Grand Rapids, MI 49505","2001 Monroe Ave NW, Grand Rapids, MI 49505",43.00014233822,-85.671030527759,geocoded
Lone Star Lemonade,5/23/2026,8/1/2026,10:30:00 AM,11:00:00 AM,05/23/2026 10:30 AM - 08/01/2026 11:00 AM,"Monroe Ave NE, Grand Rapids, MI 49505","Monroe Ave NE, Grand Rapids, MI 49505",43.010558245612,-85.666243219391,geocoded
Bessies Burgers,5/28/2026,10/31/2026,12:00:00 PM,1:00:00 PM,05/28/2026 12:00 PM - 10/31/2026 1:00 PM,"925 28th St SE, Grand Rapids, Michigan 49508, United States","925 28th St SE, Grand Rapids, Michigan 49508",42.913194048644,-85.643355998045,geocoded
Rolling Soul,5/29/2026,7/31/2026,12:00:00 PM,1:00:00 PM,05/29/2026 12:00 PM - 07/31/2026 1:00 PM,"2001 Monroe Ave NW, Grand Rapids, MI 49505","2001 Monroe Ave NW, Grand Rapids, MI 49505",43.00014233822,-85.671030527759,geocoded
Fire and Rice,5/29/2026,7/24/2026,8:00:00 PM,9:00:00 PM,05/29/2026 8:00 PM - 07/24/2026 9:00 PM,Riverside Park,,,,no_usable_address
Cool Breeze,6/1/2026,8/28/2026,8:00:00 AM,9:00:00 AM,06/01/2026 8:00 AM - 08/28/2026 9:00 AM,"5500 44th St SE, Grand Rapids, MI 49512","5500 44th St SE, Grand Rapids, MI 49512",42.884711042459,-85.529387009111,geocoded
Kool Breeze,6/1/2026,8/31/2026,8:00:00 AM,9:00:00 AM,06/01/2026 8:00 AM - 08/31/2026 9:00 AM,"1415 Maynard Ave SW, Walker, MI 49534","1415 Maynard Ave SW, Walker, MI 49534",42.93623875032,-85.749645152013,geocoded
Airborne Burritos,6/2/2026,9/2/2026,4:00:00 PM,5:00:00 PM,06/02/2026 4:00 PM - 09/02/2026 5:00 PM,"1300 Gezon Pkwy SW, Wyoming, MI 49509","1300 Gezon Pkwy SW, Wyoming, MI 49509",42.859574846392,-85.697020546392,geocoded
Casa De Los Abuelos,6/3/2026,8/27/2026,8:00:00 AM,9:00:00 AM,06/03/2026 8:00 AM - 08/27/2026 9:00 AM,"4910 Kraft Ave SE, Grand Rapids, Michigan 49512, United States","4910 Kraft Ave SE, Grand Rapids, Michigan 49512",42.874667426979,-85.526999172534,geocoded
Around Baking Co.,6/4/2026,9/10/2026,8:00:00 AM,9:00:00 AM,06/04/2026 8:00 AM - 09/10/2026 9:00 AM,"135 Monroe Center St NW, Grand Rapids, MI 49503","135 Monroe Center St NW, Grand Rapids, MI 49503",42.965469883273,-85.67177056599,geocoded
Sanse Filipino,6/4/2026,9/3/2026,1:00:00 PM,2:00:00 PM,06/04/2026 1:00 PM - 09/03/2026 2:00 PM,"135 Monroe Center St NW, Grand Rapids, MI 49503","135 Monroe Center St NW, Grand Rapids, MI 49503",42.965469883273,-85.67177056599,geocoded
Around Baking Co.,6/5/2026,8/14/2026,8:00:00 AM,9:00:00 AM,06/05/2026 8:00 AM - 08/14/2026 9:00 AM,"2001 Monroe Ave NW, Grand Rapids, MI 49505","2001 Monroe Ave NW, Grand Rapids, MI 49505",43.00014233822,-85.671030527759,geocoded
Two Bones BBQ,6/5/2026,8/14/2026,8:00:00 AM,9:00:00 AM,06/05/2026 8:00 AM - 08/14/2026 9:00 AM,"2001 Monroe Ave NW, Grand Rapids, MI 49505","2001 Monroe Ave NW, Grand Rapids, MI 49505",43.00014233822,-85.671030527759,geocoded
Airborne Burritos,6/6/2026,8/27/2026,7:00:00 PM,8:00:00 PM,06/06/2026 7:00 PM - 08/27/2026 8:00 PM,"4055 Maple St SW, Grandville, MI 49418","4055 Maple St SW, Grandville, MI 49418",42.907771334475,-85.764574243577,geocoded
Airborne Burritos,6/6/2026,7/10/2026,7:00:00 PM,8:00:00 PM,06/06/2026 7:00 PM - 07/10/2026 8:00 PM,Riverside Park,,,,no_usable_address
Around Baking Co.,6/9/2026,8/4/2026,1:00:00 PM,2:00:00 PM,06/09/2026 1:00 PM - 08/04/2026 2:00 PM,"3201 Burton St SE, Grand Rapids, MI 49546","3201 Burton St SE, Grand Rapids, MI 49546",42.931650245065,-85.589949696134,geocoded
Kona Ice of Lowell,6/11/2026,8/14/2026,12:00:00 AM,12:00:00 AM,06/11/2026 12:00 AM - 08/14/2026 12:00 AM,"201 E Main St, Lowell, MI 49331","201 E Main St, Lowell, MI 49331",42.934709891181,-85.337813331437,geocoded
Kool Breeze,6/11/2026,8/27/2026,1:00:00 PM,2:00:00 PM,06/11/2026 1:00 PM - 08/27/2026 2:00 PM,"101 Monroe Center St NW, Grand Rapids, Michigan 49503, United States","101 Monroe Center St NW, Grand Rapids, Michigan 49503",42.965179073142,-85.670964813638,geocoded
Kona Ice of Lowell,6/16/2026,9/2/2026,12:00:00 AM,12:00:00 AM,06/16/2026 12:00 AM - 09/02/2026 12:00 AM,"847 Greenbrier Dr SE, Grand Rapids, Michigan 49546, United States","847 Greenbrier Dr SE, Grand Rapids, Michigan 49546",42.949050573143,-85.557131946812,geocoded
Around Baking Co.,6/23/2026,10/13/2026,11:00:00 AM,12:00:00 PM,06/23/2026 11:00 AM - 10/13/2026 12:00 PM,"7239 Thornapple River Dr SE, Ada, MI 49301","7239 Thornapple River Dr SE, Ada, MI 49301",42.955707145369,-85.488896549441,geocoded
Kool Breeze,6/26/2026,8/2/2026,10:00:00 AM,10:30:00 AM,06/26/2026 10:00 AM - 08/02/2026 10:30 AM,"955 Godfrey Ave SW, Grand Rapids, MI 49503","955 Godfrey Ave SW, Grand Rapids, MI 49503",42.945896337249,-85.683792729715,geocoded
Runyon House Roasts,7/1/2026,7/1/2026,8:00:00 AM,2:00:00 PM,07/01/2026 8:00 AM - 07/01/2026 2:00 PM,"1145 Fulton St E, Grand Rapids, Michigan 49503, United States","1145 Fulton St E, Grand Rapids, Michigan 49503",42.962892364228,-85.640222088266,geocoded
Kona Ice of Lowell-Various Neighborhood Zip Codes Given,7/1/2026,7/6/2026,8:30:00 AM,9:00:00 AM,07/01/2026 8:30 AM - 07/06/2026 9:00 AM,Address unavailable,,,,no_usable_address
"Kona Ice of Lowell-neighborhood routes, gave lots of zip codes",7/1/2026,7/9/2026,8:30:00 AM,9:00:00 AM,07/01/2026 8:30 AM - 07/09/2026 9:00 AM,Address unavailable,,,,no_usable_address
Bessies' Burgers,7/1/2026,7/1/2026,10:00:00 AM,9:00:00 PM,07/01/2026 10:00 AM - 07/01/2026 9:00 PM,"3350 Michael Ave SW, Wyoming, Michigan 49509, United States","3350 Michael Ave SW, Wyoming, Michigan 49509",42.903800324026,-85.693641046851,geocoded
Casa De Abuelos,7/1/2026,7/1/2026,10:00:00 AM,4:00:00 PM,07/01/2026 10:00 AM - 07/01/2026 4:00 PM,"4910 Kraft Ave SE, Grand Rapids, Michigan 49512, United States","4910 Kraft Ave SE, Grand Rapids, Michigan 49512",42.874667426979,-85.526999172534,geocoded
Saladino Smoke,7/1/2026,7/1/2026,10:00:00 AM,4:00:00 PM,07/01/2026 10:00 AM - 07/01/2026 4:00 PM,"4910 Kraft Ave SE, Grand Rapids, Michigan 49512, United States","4910 Kraft Ave SE, Grand Rapids, Michigan 49512",42.874667426979,-85.526999172534,geocoded
Freddy Franks,7/1/2026,7/1/2026,11:00:00 AM,7:00:00 PM,07/01/2026 11:00 AM - 07/01/2026 7:00 PM,1125 41st st se kentwood mi 49508,1125 41st st SE kentwood MI 49508,42.888376700174,-85.638512515295,geocoded
Patty Matters,7/1/2026,7/1/2026,11:00:00 AM,2:00:00 PM,07/01/2026 11:00 AM - 07/01/2026 2:00 PM,"4001 3 Mile Rd NW, Grand Rapids, Michigan 49534, United States","4001 3 Mile Rd NW, Grand Rapids, Michigan 49534",43.017045284164,-85.769630961944,geocoded
Kona Ice of Lowell,7/1/2026,7/1/2026,12:00:00 PM,1:00:00 PM,07/01/2026 12:00 PM - 07/01/2026 1:00 PM,"156 Lewis St, Rockford, Michigan 49341, United States","156 Lewis St, Rockford, Michigan 49341",43.125369983318,-85.556675384546,geocoded
Kona Ice of Lowell,7/1/2026,7/1/2026,12:00:00 PM,1:00:00 PM,07/01/2026 12:00 PM - 07/01/2026 1:00 PM,"405 Summit Ave NE, Rockford, Michigan 49341, United States","405 Summit Ave NE, Rockford, Michigan 49341",43.128893064861,-85.567298943907,geocoded
Mata's Fun Foods Concession,7/1/2026,7/1/2026,12:00:00 PM,11:00:00 PM,07/01/2026 12:00 PM - 07/01/2026 11:00 PM,"94 W Cherry St, Sand Lake, Michigan 49343, United States","94 W Cherry St, Sand Lake, Michigan 49343",43.29006017339,-85.519225627891,geocoded
Patty Matters,7/1/2026,7/1/2026,4:00:00 PM,7:00:00 PM,07/01/2026 4:00 PM - 07/01/2026 7:00 PM,401 N park ave SE grand rapids mi 49525,401 N park ave Grand Rapids MI 49525,43.022881645254,-85.659959123312,geocoded
Cousins Maine Lobster,7/1/2026,7/1/2026,4:30:00 PM,7:30:00 PM,07/01/2026 4:30 PM - 07/01/2026 7:30 PM,"1183 Dogwood Meadows Dr SE, Ada, Michigan 49301, United States","1183 Dogwood Meadows Dr SE, Ada, Michigan 49301",42.943530797083,-85.46883556461,geocoded
Big Rock Ear Amusements,7/2/2026,7/4/2026,8:00:00 AM,9:00:00 AM,07/02/2026 8:00 AM - 07/04/2026 9:00 AM,"51 W Lake St, Sand Lake, Michigan 49343, United States","51 W Lake St, Sand Lake, Michigan 49343",43.292003313484,-85.5183465096,geocoded
Chicken On Stick,7/2/2026,7/4/2026,8:00:00 AM,8:30:00 AM,07/02/2026 8:00 AM - 07/04/2026 8:30 AM,"51 W Lake St, Sand Lake, Michigan 49343, United States","51 W Lake St, Sand Lake, Michigan 49343",43.292003313484,-85.5183465096,geocoded
Clark Concessions,7/2/2026,7/2/2026,9:30:00 AM,11:00:00 PM,07/02/2026 9:30 AM - 07/02/2026 11:00 PM,"36 W Lake St, Sand Lake, MI 49343","36 W Lake St, Sand Lake, MI 49343",43.291636138825,-85.517395187876,geocoded
Cousins Maine Lobster,7/2/2026,7/2/2026,11:00:00 AM,2:00:00 PM,07/02/2026 11:00 AM - 07/02/2026 2:00 PM,"4425 14 Mile Rd NE, Rockford, Michigan 49341, United States","4425 14 Mile Rd NE, Rockford, Michigan 49341",43.177658306983,-85.560226713102,geocoded
Hog Heaven BBQ,7/3/2026,7/5/2026,8:00:00 AM,8:30:00 AM,07/03/2026 8:00 AM - 07/05/2026 8:30 AM,300 monreo ave nw grand rapids,"300 monreo ave Grand Rapids, MI",42.968928424161,-85.671274860236,geocoded
Island Noodles,7/3/2026,7/3/2026,8:00:00 AM,9:00:00 AM,07/03/2026 8:00 AM - 07/03/2026 9:00 AM,"300 Monroe Ave NW, Grand Rapids, MI 49503","300 Monroe Ave NW, Grand Rapids, MI 49503",42.968928424161,-85.671274860236,geocoded
Lone Star Lemonade,7/3/2026,7/5/2026,8:00:00 AM,8:30:00 AM,07/03/2026 8:00 AM - 07/05/2026 8:30 AM,300 monroe ave nw grand rapids mi 49503,300 monroe ave Grand Rapids MI 49503,42.968928424161,-85.671274860236,geocoded
Runyon House Roasts,7/3/2026,7/3/2026,8:00:00 AM,2:00:00 PM,07/03/2026 8:00 AM - 07/03/2026 2:00 PM,"1145 Fulton St E, Grand Rapids, Michigan 49503, United States","1145 Fulton St E, Grand Rapids, Michigan 49503",42.962892364228,-85.640222088266,geocoded
Smoke Rattle and Roll,7/3/2026,7/5/2026,9:00:00 AM,11:00:00 PM,07/03/2026 9:00 AM - 07/05/2026 11:00 PM,300 monroe ave nw grand rapids mi 49503,300 monroe ave Grand Rapids MI 49503,42.968928424161,-85.671274860236,geocoded
Big Mike's Smokehouse,7/3/2026,7/3/2026,11:00:00 AM,9:00:00 PM,07/03/2026 11:00 AM - 07/03/2026 9:00 PM,"13495 92nd St SE, Alto, Michigan 49302, United States","13495 92nd St SE, Alto, Michigan 49302",42.801283487492,-85.335904520627,geocoded
Robert's Brothers BBQ,7/3/2026,7/3/2026,11:30:00 AM,1:30:00 PM,07/03/2026 11:30 AM - 07/03/2026 1:30 PM,"1010 28th St SE, Grand Rapids, Michigan 49508, United States","1010 28th St SE, Grand Rapids, Michigan 49508",42.911913503386,-85.640313618649,geocoded
Andy's Munchies,7/3/2026,7/3/2026,12:00:00 PM,5:00:00 PM,07/03/2026 12:00 PM - 07/03/2026 5:00 PM,"2655 Grand Castle Blvd SW, Grandville, Michigan 49418, United States","2655 Grand Castle Blvd SW, Grandville, Michigan 49418",42.91538021663,-85.760202494338,geocoded
Grub It Up,7/3/2026,7/3/2026,3:00:00 PM,10:00:00 PM,07/03/2026 3:00 PM - 07/03/2026 10:00 PM,300 monroe ave nw grand rapids 49503,"300 monroe ave Grand Rapids, MI 49503",42.968928424161,-85.671274860236,geocoded
Neko Taiyaki,7/3/2026,7/3/2026,5:00:00 PM,9:00:00 PM,07/03/2026 5:00 PM - 07/03/2026 9:00 PM,"3001 Monroe Ave NE, Grand Rapids, Michigan 49505, United States","3001 Monroe Ave NE, Grand Rapids, Michigan 49505",43.016974615584,-85.662080553907,geocoded
Robert's Brothers BBQ,7/3/2026,7/3/2026,5:00:00 PM,9:00:00 PM,07/03/2026 5:00 PM - 07/03/2026 9:00 PM,"2001 Monroe Ave NE, Grand Rapids, Michigan 49505, United States","2001 Monroe Ave NE, Grand Rapids, Michigan 49505",43.010558245612,-85.666243219391,geocoded
Luna Bellas,7/4/2026,7/4/2026,8:00:00 AM,10:00:00 PM,07/04/2026 8:00 AM - 07/04/2026 10:00 PM,"4900 Breton Rd SE, Kentwood, Michigan 49512, United States","4900 Breton Rd SE, Kentwood, Michigan 49512",42.874644628202,-85.596592857315,geocoded
Runyon House Roasts,7/4/2026,7/4/2026,8:00:00 AM,2:00:00 PM,07/04/2026 8:00 AM - 07/04/2026 2:00 PM,"1145 Fulton St E, Grand Rapids, Michigan 49503, United States","1145 Fulton St E, Grand Rapids, Michigan 49503",42.962892364228,-85.640222088266,geocoded
Desi's Snow Shack,7/4/2026,7/4/2026,9:00:00 AM,10:00:00 AM,07/04/2026 9:00 AM - 07/04/2026 10:00 AM,"4900 Breton Rd SE, Kentwood, MI 49508","4900 Breton Rd SE, Kentwood, MI 49508",42.874644628202,-85.596592857315,geocoded
Kona Ice of Lowell,7/4/2026,7/4/2026,9:00:00 AM,12:00:00 PM,07/04/2026 9:00 AM - 07/04/2026 12:00 PM,"2800 Leelanau Dr NE, Grand Rapids, Michigan 49525, United States","2800 Leelanau Dr NE, Grand Rapids, Michigan 49525",43.036012986226,-85.600446521118,geocoded
Kona Ice of Lowell,7/4/2026,7/4/2026,9:00:00 AM,3:00:00 PM,07/04/2026 9:00 AM - 07/04/2026 3:00 PM,"2870 Jack Smith Ave SE, Cascade, Michigan 49546, United States","2870 Jack Smith Ave SE, Cascade, Michigan 49546",42.911845484242,-85.504678583473,geocoded
Majoor's Concessions,7/4/2026,7/4/2026,9:00:00 AM,11:00:00 PM,07/04/2026 9:00 AM - 07/04/2026 11:00 PM,"550 Lakeside Dr SE, Grand Rapids, Michigan 49506, United States","550 Lakeside Dr SE, Grand Rapids, Michigan 49506",42.952520597238,-85.611694364628,geocoded
Patty Matters,7/4/2026,7/4/2026,9:00:00 AM,12:00:00 PM,07/04/2026 9:00 AM - 07/04/2026 12:00 PM,"3535 Wilson Ave SW, Grandville, Michigan 49418, United States","3535 Wilson Ave SW, Grandville, Michigan 49418",42.900455441745,-85.765299864935,geocoded
Almond King,7/4/2026,7/4/2026,10:00:00 AM,11:00:00 PM,07/04/2026 10:00 AM - 07/04/2026 11:00 PM,"4900 Canal Ave SW, Wyoming, Michigan 49418, United States","4900 Canal Ave SW, Wyoming, Michigan 49418",42.875897513179,-85.765357029515,geocoded
Dutch Treat Concessions,7/4/2026,7/4/2026,10:00:00 AM,11:00:00 PM,07/04/2026 10:00 AM - 07/04/2026 11:00 PM,"3535 Wilson Ave SW, Grandville, Michigan 49418, United States","3535 Wilson Ave SW, Grandville, Michigan 49418",42.900455441745,-85.765299864935,geocoded
Majoor's Concessions,7/4/2026,7/4/2026,10:00:00 AM,11:00:00 PM,07/04/2026 10:00 AM - 07/04/2026 11:00 PM,"63 Market Ave SW, Grand Rapids, Michigan 49503, United States","63 Market Ave SW, Grand Rapids, Michigan 49503",42.961916375422,-85.676102752646,geocoded
Mays Concessions,7/4/2026,7/4/2026,10:00:00 AM,11:00:00 AM,07/04/2026 10:00 AM - 07/04/2026 11:00 AM,"3535 Wilson Ave SW, Grandville, MI 49418","3535 Wilson Ave SW, Grandville, MI 49418",42.900455441745,-85.765299864935,geocoded
Mitten Made Lemonade,7/4/2026,7/4/2026,10:00:00 AM,5:00:00 PM,07/04/2026 10:00 AM - 07/04/2026 5:00 PM,"River St SE, Ada, Michigan 49301, United States","River St SE, Ada, Michigan 49301",42.954440399403,-85.484219693358,geocoded
Robert's Brother BBQ,7/4/2026,7/4/2026,10:00:00 AM,11:00:00 PM,07/04/2026 10:00 AM - 07/04/2026 11:00 PM,4740 walma ave se kentwood mi,4740 walma ave SE kentwood MI,42.877267493344,-85.595279580725,geocoded
Sanse Food Concessions Service,7/4/2026,7/4/2026,10:00:00 AM,10:00:00 PM,07/04/2026 10:00 AM - 07/04/2026 10:00 PM,"4900 Breton Rd SE, Kentwood, Michigan 49512, United States","4900 Breton Rd SE, Kentwood, Michigan 49512",42.874644628202,-85.596592857315,geocoded
Being Cheesy,7/4/2026,7/4/2026,11:00:00 AM,9:00:00 PM,07/04/2026 11:00 AM - 07/04/2026 9:00 PM,"550 Lakeside Dr SE, Grand Rapids, Michigan 49506, United States","550 Lakeside Dr SE, Grand Rapids, Michigan 49506",42.952520597238,-85.611694364628,geocoded
Big Ed's BBQ,7/4/2026,7/4/2026,11:00:00 AM,10:00:00 PM,07/04/2026 11:00 AM - 07/04/2026 10:00 PM,"3535 Wilson Ave SW, Grandville, Michigan 49418, United States","3535 Wilson Ave SW, Grandville, Michigan 49418",42.900455441745,-85.765299864935,geocoded
Cheese and Squeeze,7/4/2026,7/4/2026,11:00:00 AM,12:00:00 PM,07/04/2026 11:00 AM - 07/04/2026 12:00 PM,"401 House St NE, Belmont, Michigan, United States","401 House St NE, Belmont, Michigan",43.104621285095,-85.627841030093,geocoded
Grub It Up,7/4/2026,7/5/2026,11:00:00 AM,12:00:00 AM,07/04/2026 11:00 AM - 07/05/2026 12:00 AM,300 monroe ave nw grand rapids 49503,"300 monroe ave Grand Rapids, MI 49503",42.968928424161,-85.671274860236,geocoded
Patty Matters,7/4/2026,7/4/2026,11:00:00 AM,1:00:00 PM,07/04/2026 11:00 AM - 07/04/2026 1:00 PM,"303 Pearl St NW, Grand Rapids, Michigan 49504, United States","303 Pearl St NW, Grand Rapids, Michigan 49504",42.968432089765,-85.677357355914,geocoded
Two Bones BBQ,7/4/2026,7/4/2026,11:00:00 AM,6:00:00 PM,07/04/2026 11:00 AM - 07/04/2026 6:00 PM,303 pearl st nw grand rapids mi 49504,303 pearl st Grand Rapids MI 49504,42.968432089765,-85.677357355914,geocoded
Airborne Burritos,7/4/2026,7/4/2026,12:00:00 PM,1:00:00 PM,07/04/2026 12:00 PM - 07/04/2026 1:00 PM,"3535 Wilson Ave SW, Grandville, MI 49418","3535 Wilson Ave SW, Grandville, MI 49418",42.900455441745,-85.765299864935,geocoded
Around Baking Co.,7/4/2026,7/4/2026,1:00:00 PM,2:00:00 PM,07/04/2026 1:00 PM - 07/04/2026 2:00 PM,"2870 JACKSMITH AVE SE, Grand Rapids, MI 49546","2870 Jacksmith Ave SE, Grand Rapids, MI 49546",42.911845484242,-85.504678583473,geocoded
Haul N' Balls,7/4/2026,7/4/2026,5:00:00 PM,10:00:00 PM,07/04/2026 5:00 PM - 07/04/2026 10:00 PM,"7250 Nantucket Dr SW, Byron Center, Michigan 49315, United States","7250 Nantucket Dr SW, Byron Center, Michigan 49315",42.832079982773,-85.700926010358,geocoded
Lemonade CornDog,7/4/2026,7/4/2026,6:00:00 PM,11:00:00 PM,07/04/2026 6:00 PM - 07/04/2026 11:00 PM,187 monroe ave nw grand rapids mi 49503,187 monroe ave Grand Rapids MI 49503,42.967033024396,-85.672490571473,geocoded
Lil Kenny's Pizza,7/4/2026,7/4/2026,6:00:00 PM,11:00:00 PM,07/04/2026 6:00 PM - 07/04/2026 11:00 PM,187 monroe ave nw grand rapids mi 49503,187 monroe ave Grand Rapids MI 49503,42.967033024396,-85.672490571473,geocoded
Patty Matters,7/5/2026,7/5/2026,9:00:00 AM,12:00:00 PM,07/05/2026 9:00 AM - 07/05/2026 12:00 PM,"3535 Wilson Ave SW, Grandville, Michigan 49418, United States","3535 Wilson Ave SW, Grandville, Michigan 49418",42.900455441745,-85.765299864935,geocoded
Grub It Up,7/5/2026,7/5/2026,11:00:00 AM,6:00:00 PM,07/05/2026 11:00 AM - 07/05/2026 6:00 PM,300 monroe ave nw grand rapids 49503,"300 monroe ave Grand Rapids, MI 49503",42.968928424161,-85.671274860236,geocoded
Cousins Maine Lobster,7/6/2026,7/6/2026,8:00:00 AM,9:00:00 AM,07/06/2026 8:00 AM - 07/06/2026 9:00 AM,"4900 Breton Rd SE, Kentwood, MI 49508","4900 Breton Rd SE, Kentwood, MI 49508",42.874644628202,-85.596592857315,geocoded
Frazee Concessions,7/7/2026,7/7/2026,8:00:00 AM,9:00:00 AM,07/07/2026 8:00 AM - 07/07/2026 9:00 AM,"113 Riverwalk Plz, Lowell, MI 49331","113 Riverwalk Plz, Lowell, MI 49331",42.935166243899,-85.337872591493,geocoded
Frazee Elephant Ear Unit,7/7/2026,7/11/2026,9:00:00 AM,10:00:00 AM,07/07/2026 9:00 AM - 07/11/2026 10:00 AM,"113 Riverwalk Plz, Lowell, MI 49331","113 Riverwalk Plz, Lowell, MI 49331",42.935166243899,-85.337872591493,geocoded
Andy's Munchies,7/7/2026,7/7/2026,4:00:00 PM,7:00:00 PM,07/07/2026 4:00 PM - 07/07/2026 7:00 PM,"2655 Grand Castle Blvd SW, Grandville, Michigan 49418, United States","2655 Grand Castle Blvd SW, Grandville, Michigan 49418",42.91538021663,-85.760202494338,geocoded
Cousins Maine Lobster,7/7/2026,7/7/2026,5:00:00 PM,8:00:00 PM,07/07/2026 5:00 PM - 07/07/2026 8:00 PM,2561 porter st sw wyoming mi 49519,2561 porter st SW wyoming MI 49519,42.922773683873,-85.728097961158,geocoded
Runyon House Roasts,7/8/2026,7/8/2026,8:00:00 AM,2:00:00 PM,07/08/2026 8:00 AM - 07/08/2026 2:00 PM,"1145 Fulton St E, Grand Rapids, Michigan 49503, United States","1145 Fulton St E, Grand Rapids, Michigan 49503",42.962892364228,-85.640222088266,geocoded
Sodalicious Sips,7/8/2026,7/8/2026,8:00:00 AM,8:30:00 AM,07/08/2026 8:00 AM - 07/08/2026 8:30 AM,"5300 Patterson Ave SE 200, Kentwood, MI 49512","5300 Patterson Ave SE 200, Kentwood, MI 49512",42.867956456201,-85.544864444781,geocoded
Olly's Donuts,7/8/2026,7/8/2026,9:00:00 AM,10:30:00 AM,07/08/2026 9:00 AM - 07/08/2026 10:30 AM,"2750 Walkent Ct NW, Walker, Michigan 49544, United States","2750 Walkent Ct NW, Walker, Michigan 49544",43.017645701639,-85.718500585167,geocoded
Bessie's Burgers,7/8/2026,7/8/2026,10:00:00 AM,9:00:00 PM,07/08/2026 10:00 AM - 07/08/2026 9:00 PM,300 monreo ave nw grand rapids mi 49503,300 monreo ave Grand Rapids MI 49503,42.968928424161,-85.671274860236,geocoded
Papa Don's Italian Ice,7/8/2026,7/8/2026,10:00:00 AM,4:00:00 PM,07/08/2026 10:00 AM - 07/08/2026 4:00 PM,"4910 Kraft Ave SE, Grand Rapids, Michigan 49512, United States","4910 Kraft Ave SE, Grand Rapids, Michigan 49512",42.874667426979,-85.526999172534,geocoded
Kona Ice of Lowell,7/8/2026,7/8/2026,11:00:00 AM,2:00:00 PM,07/08/2026 11:00 AM - 07/08/2026 2:00 PM,"2560 E Paris Ave SE, Grand Rapids, Michigan 49546, United States","2560 E Paris Ave SE, Grand Rapids, Michigan 49546",42.916539433839,-85.568060355991,geocoded
Macatawa Snack Wagon,7/8/2026,7/8/2026,12:00:00 PM,1:00:00 PM,07/08/2026 12:00 PM - 07/08/2026 1:00 PM,"2261 84th St SW, Byron Center, Michigan 49315, United States","2261 84th St SW, Byron Center, Michigan 49315",42.81265006066,-85.719409028869,geocoded
DADs Pizza Bar,7/8/2026,7/8/2026,4:00:00 PM,9:00:00 PM,07/08/2026 4:00 PM - 07/08/2026 9:00 PM,401 park st se grand rapids mi,401 park st Grand Rapids MI,43.022881645254,-85.659959123312,geocoded
Majoor's Concessions,7/9/2026,7/12/2026,12:00:00 AM,12:00:00 AM,07/09/2026 12:00 AM - 07/12/2026 12:00 AM,"200 N Monroe St, Lowell, Michigan 49331, United States","200 N Monroe St, Lowell, Michigan 49331",42.935773135599,-85.337968564284,geocoded
Twisted Burger,7/9/2026,7/11/2026,12:00:00 AM,12:00:00 AM,07/09/2026 12:00 AM - 07/11/2026 12:00 AM,2120 76th st sw byron center,2120 76th st SW byron center,42.824149822269,-85.716143439392,geocoded
Kona Ice of Lowell,7/9/2026,7/9/2026,10:00:00 AM,11:00:00 PM,07/09/2026 10:00 AM - 07/09/2026 11:00 PM,"201 E Main St, Lowell, Michigan 49331, United States","201 E Main St, Lowell, Michigan 49331",42.934709891181,-85.337813331437,geocoded
Cousins Maine Lobster,7/9/2026,7/9/2026,11:00:00 AM,3:00:00 PM,07/09/2026 11:00 AM - 07/09/2026 3:00 PM,"2560 E Paris Ave SE, Grand Rapids, Michigan 49546, United States","2560 E Paris Ave SE, Grand Rapids, Michigan 49546",42.916539433839,-85.568060355991,geocoded
DC's Roadshow,7/9/2026,7/9/2026,11:00:00 AM,1:00:00 PM,07/09/2026 11:00 AM - 07/09/2026 1:00 PM,"135 Monroe Ave NW, Grand Rapids, Michigan 49503, United States","135 Monroe Ave NW, Grand Rapids, Michigan 49503",42.964762727774,-85.672278425579,geocoded
Patty Matters,7/9/2026,7/9/2026,11:00:00 AM,1:00:00 PM,07/09/2026 11:00 AM - 07/09/2026 1:00 PM,4069 Lake Dr SE Grand Rapids MI 49546,4069 Lake Dr Grand Rapids MI 49546,42.940445376067,-85.56950615047,geocoded
The Falafel Truck,7/9/2026,7/9/2026,11:00:00 AM,2:00:00 PM,07/09/2026 11:00 AM - 07/09/2026 2:00 PM,"135 Monroe Center St NW, Grand Rapids, Michigan 49503, United States","135 Monroe Center St NW, Grand Rapids, Michigan 49503",42.965469883273,-85.67177056599,geocoded
Family Thyme Foods,7/9/2026,7/9/2026,12:00:00 PM,8:00:00 PM,07/09/2026 12:00 PM - 07/09/2026 8:00 PM,"4455 Breton Rd SE, Grand Rapids, Michigan 49508, United States","4455 Breton Rd SE, Grand Rapids, Michigan 49508",42.881232133546,-85.607309623439,geocoded
Patty Matters,7/9/2026,7/9/2026,4:30:00 PM,8:00:00 PM,07/09/2026 4:30 PM - 07/09/2026 8:00 PM,"1320 28th St SW, Wyoming, Michigan 49509, United States","1320 28th St SW, Wyoming, Michigan 49509",42.91289401842,-85.698782003344,geocoded
Cherrywood Smokehouse,7/9/2026,7/9/2026,5:00:00 PM,9:00:00 PM,07/09/2026 5:00 PM - 07/09/2026 9:00 PM,110 riverwalk plaza lowell mi 49331,110 riverwalk Plz lowell MI 49331,42.9461184,-85.3514738,geocoded
The Food Truck,7/9/2026,7/9/2026,5:00:00 PM,9:00:00 PM,07/09/2026 5:00 PM - 07/09/2026 9:00 PM,"201 E Main St, Lowell, Michigan 49331, United States","201 E Main St, Lowell, Michigan 49331",42.934709891181,-85.337813331437,geocoded
Magical Confections-The Smokin Unicorn,7/9/2026,7/9/2026,6:00:00 PM,9:00:00 PM,07/09/2026 6:00 PM - 07/09/2026 9:00 PM,"6701 Cutler Park Dr SW, Cutlerville, Michigan 49548, United States","6701 Cutler Park Dr SW, Cutlerville, Michigan 49548",42.84410445152,-85.667793017657,geocoded
Runyon House Roasts,7/10/2026,7/10/2026,8:00:00 AM,2:00:00 PM,07/10/2026 8:00 AM - 07/10/2026 2:00 PM,"1145 Fulton St E, Grand Rapids, Michigan 49503, United States","1145 Fulton St E, Grand Rapids, Michigan 49503",42.962892364228,-85.640222088266,geocoded
Patty Matters,7/10/2026,7/10/2026,10:00:00 AM,6:00:00 PM,07/10/2026 10:00 AM - 07/10/2026 6:00 PM,955 godfrey ave sw grand rapids mi,955 godfrey ave Grand Rapids MI,42.945896337249,-85.683792729715,geocoded
Patty Matters,7/10/2026,7/10/2026,11:00:00 AM,1:00:00 PM,07/10/2026 11:00 AM - 07/10/2026 1:00 PM,"3251 Fruit Ridge Ave NW, Grand Rapids, Michigan 49544, United States","3251 Fruit Ridge Ave NW, Grand Rapids, Michigan 49544",43.024386364512,-85.765982570949,geocoded
DC's Roadshow,7/10/2026,7/10/2026,3:00:00 PM,9:00:00 PM,07/10/2026 3:00 PM - 07/10/2026 9:00 PM,"2001 Monroe Ave NE, Grand Rapids, Michigan 49505, United States","2001 Monroe Ave NE, Grand Rapids, Michigan 49505",43.010558245612,-85.666243219391,geocoded
Andy's Munchies,7/10/2026,7/10/2026,4:00:00 PM,7:00:00 PM,07/10/2026 4:00 PM - 07/10/2026 7:00 PM,"2655 Grand Castle Blvd SW, Grandville, Michigan 49418, United States","2655 Grand Castle Blvd SW, Grandville, Michigan 49418",42.91538021663,-85.760202494338,geocoded
Casa De Abuelos,7/10/2026,7/10/2026,4:00:00 PM,10:00:00 PM,07/10/2026 4:00 PM - 07/10/2026 10:00 PM,"3001 Monroe Ave NE, Grand Rapids, Michigan 49505, United States","3001 Monroe Ave NE, Grand Rapids, Michigan 49505",43.016974615584,-85.662080553907,geocoded
Big Ed's BBQ,7/10/2026,7/10/2026,5:00:00 PM,9:00:00 PM,07/10/2026 5:00 PM - 07/10/2026 9:00 PM,"2001 Monroe Ave NE, Grand Rapids, Michigan 49505, United States","2001 Monroe Ave NE, Grand Rapids, Michigan 49505",43.010558245612,-85.666243219391,geocoded
Cherrywood Smokehouse,7/10/2026,7/10/2026,5:00:00 PM,9:00:00 PM,07/10/2026 5:00 PM - 07/10/2026 9:00 PM,110 riverwalk plaza lowell mi 49331,110 riverwalk Plz lowell MI 49331,42.9461184,-85.3514738,geocoded
Neko Taiyaki,7/10/2026,7/10/2026,5:00:00 PM,9:00:00 PM,07/10/2026 5:00 PM - 07/10/2026 9:00 PM,"3001 Monroe Ave NE, Grand Rapids, Michigan 49505, United States","3001 Monroe Ave NE, Grand Rapids, Michigan 49505",43.016974615584,-85.662080553907,geocoded
Sanse Food,7/10/2026,7/10/2026,5:00:00 PM,9:00:00 PM,07/10/2026 5:00 PM - 07/10/2026 9:00 PM,"2797 Monroe Ave NE, Grand Rapids, Michigan 49505, United States","2797 Monroe Ave NE, Grand Rapids, Michigan 49505",43.014004353357,-85.663662665975,geocoded
Runyon House Roasts,7/11/2026,7/11/2026,8:00:00 AM,2:00:00 PM,07/11/2026 8:00 AM - 07/11/2026 2:00 PM,"1145 Fulton St E, Grand Rapids, Michigan 49503, United States","1145 Fulton St E, Grand Rapids, Michigan 49503",42.962892364228,-85.640222088266,geocoded
Big Red's BBQ,7/11/2026,7/11/2026,9:00:00 AM,9:00:00 PM,07/11/2026 9:00 AM - 07/11/2026 9:00 PM,"1661 E Paris Ave SE, Grand Rapids, Michigan 49546, United States","1661 E Paris Ave SE, Grand Rapids, Michigan 49546",42.931201855154,-85.572342502685,geocoded
Cherrywood Smokehouse,7/11/2026,7/11/2026,10:00:00 AM,4:00:00 PM,07/11/2026 10:00 AM - 07/11/2026 4:00 PM,110 riverwalk plaza lowell mi 49331,110 riverwalk Plz lowell MI 49331,42.9461184,-85.3514738,geocoded
Mike's Concession Trailer,7/11/2026,7/11/2026,10:00:00 AM,5:00:00 PM,07/11/2026 10:00 AM - 07/11/2026 5:00 PM,"3901 Alpine Ave NW, Comstock Park, MI 49321, United States","3901 Alpine Ave NW, Comstock Park, MI 49321",43.034516858419,-85.692917688607,geocoded
The Food Truck,7/11/2026,7/11/2026,10:00:00 AM,4:00:00 PM,07/11/2026 10:00 AM - 07/11/2026 4:00 PM,"201 E Main St, Lowell, Michigan 49331, United States","201 E Main St, Lowell, Michigan 49331",42.934709891181,-85.337813331437,geocoded
Dolce Mini Cakes,7/11/2026,7/11/2026,11:00:00 AM,6:00:00 PM,07/11/2026 11:00 AM - 07/11/2026 6:00 PM,"250 Monroe Ave NW, Grand Rapids, MI 49503, United States","250 Monroe Ave NW, Grand Rapids, MI 49503",42.968204563003,-85.672013641182,geocoded
Fli' City Tacos,7/11/2026,7/11/2026,12:00:00 PM,9:00:00 PM,07/11/2026 12:00 PM - 07/11/2026 9:00 PM,"135 Monroe Ave NW, Grand Rapids, Michigan 49503, United States","135 Monroe Ave NW, Grand Rapids, Michigan 49503",42.964762727774,-85.672278425579,geocoded
Kona Ice of Lowell,7/11/2026,7/11/2026,1:00:00 PM,3:00:00 PM,07/11/2026 1:00 PM - 07/11/2026 3:00 PM,"6619 Cannon Farms Dr NE, Rockford, Michigan 49341, United States","6619 Cannon Farms Dr NE, Rockford, Michigan 49341",43.098295933147,-85.504466186047,geocoded
Haul 'n Balls,7/11/2026,7/11/2026,3:00:00 PM,9:00:00 PM,07/11/2026 3:00 PM - 07/11/2026 9:00 PM,"13495 92nd St SE, Alto, Michigan 49302, United States","13495 92nd St SE, Alto, Michigan 49302",42.801283487492,-85.335904520627,geocoded
Cousins Maine Lobster,7/11/2026,7/11/2026,4:00:00 PM,8:00:00 PM,07/11/2026 4:00 PM - 07/11/2026 8:00 PM,"4717 Broadmoor Ave SE, Grand Rapids, Michigan 49512, United States","4717 Broadmoor Ave SE, Grand Rapids, Michigan 49512",42.877972537129,-85.562072743458,geocoded
Patty Matters,7/12/2026,7/12/2026,11:00:00 AM,4:00:00 PM,07/12/2026 11:00 AM - 07/12/2026 4:00 PM,"1145 Fulton St E, Grand Rapids, Michigan 49503, United States","1145 Fulton St E, Grand Rapids, Michigan 49503",42.962892364228,-85.640222088266,geocoded
Runyon House Roasts,7/12/2026,7/12/2026,11:00:00 AM,4:00:00 PM,07/12/2026 11:00 AM - 07/12/2026 4:00 PM,"1145 Fulton St E, Grand Rapids, Michigan 49503, United States","1145 Fulton St E, Grand Rapids, Michigan 49503",42.962892364228,-85.640222088266,geocoded
The Falafel Truck,7/12/2026,7/12/2026,11:00:00 AM,4:00:00 PM,07/12/2026 11:00 AM - 07/12/2026 4:00 PM,"1145 Fulton St E, Grand Rapids, Michigan 49503, United States","1145 Fulton St E, Grand Rapids, Michigan 49503",42.962892364228,-85.640222088266,geocoded
Patty Matters,7/12/2026,7/12/2026,4:30:00 PM,7:30:00 PM,07/12/2026 4:30 PM - 07/12/2026 7:30 PM,"1050 Iroquois Dr SE, Grand Rapids, Michigan 49506, United States","1050 Iroquois Dr SE, Grand Rapids, Michigan 49506",42.943686280839,-85.632684158922,geocoded
Patty Matters,7/13/2026,7/13/2026,4:30:00 PM,8:30:00 PM,07/13/2026 4:30 PM - 07/13/2026 8:30 PM,"4900 Breton Rd SE, Kentwood, Michigan 49512, United States","4900 Breton Rd SE, Kentwood, Michigan 49512",42.874644628202,-85.596592857315,geocoded
MAC Snack Wagon,7/14/2026,7/14/2026,8:00:00 AM,9:00:00 AM,07/14/2026 8:00 AM - 07/14/2026 9:00 AM,"6330 28th St SE, Grand Rapids, Michigan 49546, United States","6330 28th St SE, Grand Rapids, Michigan 49546",42.912606309593,-85.511171960044,geocoded
Patty Matters,7/14/2026,7/14/2026,10:00:00 AM,2:00:00 PM,07/14/2026 10:00 AM - 07/14/2026 2:00 PM,"4055 Maple St SW, Grandville, Michigan 49418, United States","4055 Maple St SW, Grandville, Michigan 49418",42.907771334475,-85.764574243577,geocoded
Patty Matters,7/14/2026,7/14/2026,11:00:00 AM,1:30:00 PM,07/14/2026 11:00 AM - 07/14/2026 1:30 PM,"5300 Patterson Ave SE, Grand Rapids, Michigan 49512, United States","5300 Patterson Ave SE, Grand Rapids, Michigan 49512",42.867956456201,-85.544864444781,geocoded
Kona Ice of Lowell,7/14/2026,7/14/2026,2:00:00 PM,3:30:00 PM,07/14/2026 2:00 PM - 07/14/2026 3:30 PM,"2911 Knapp St NE, Grand Rapids, Michigan 49525, United States","2911 Knapp St NE, Grand Rapids, Michigan 49525",42.999194554519,-85.597734975441,geocoded
Kona Ice of Lowell,7/14/2026,7/14/2026,5:00:00 PM,8:00:00 PM,07/14/2026 5:00 PM - 07/14/2026 8:00 PM,"847 Greenbrier Dr SE, Grand Rapids, Michigan 49546, United States","847 Greenbrier Dr SE, Grand Rapids, Michigan 49546",42.949050573143,-85.557131946812,geocoded
Runyon House Roasts,7/15/2026,7/15/2026,8:00:00 AM,2:00:00 PM,07/15/2026 8:00 AM - 07/15/2026 2:00 PM,"1145 Fulton St E, Grand Rapids, Michigan 49503, United States","1145 Fulton St E, Grand Rapids, Michigan 49503",42.962892364228,-85.640222088266,geocoded
Casa De Abuelos,7/16/2026,7/16/2026,10:00:00 AM,2:00:00 PM,07/16/2026 10:00 AM - 07/16/2026 2:00 PM,5900 byron center ave sw wyoming mi 49519,5900 byron center ave SW wyoming MI 49519,42.857840714444,-85.717765421475,geocoded
The Falafel Truck,7/16/2026,7/16/2026,4:00:00 PM,7:00:00 PM,07/16/2026 4:00 PM - 07/16/2026 7:00 PM,"4755 Walma Ave SE, Kentwood, Michigan 49512, United States","4755 Walma Ave SE, Kentwood, Michigan 49512",42.877119301295,-85.598993266746,geocoded
Kona Ice of Lowell,7/16/2026,7/16/2026,6:00:00 PM,9:00:00 PM,07/16/2026 6:00 PM - 07/16/2026 9:00 PM,"7333 Knapp St NE, Ada, Michigan 49301, United States","7333 Knapp St NE, Ada, Michigan 49301",43.013224980334,-85.494754996847,geocoded
Kona Ice of Lowell,7/16/2026,7/16/2026,6:30:00 PM,8:00:00 PM,07/16/2026 6:30 PM - 07/16/2026 8:00 PM,"4411 Plainfield Ave NE, Grand Rapids, Michigan 49525, United States","4411 Plainfield Ave NE, Grand Rapids, Michigan 49525",43.043718511725,-85.608983657141,geocoded
Runyon House Roasts,7/17/2026,7/17/2026,8:00:00 AM,2:00:00 PM,07/17/2026 8:00 AM - 07/17/2026 2:00 PM,"1145 Fulton St E, Grand Rapids, Michigan 49503, United States","1145 Fulton St E, Grand Rapids, Michigan 49503",42.962892364228,-85.640222088266,geocoded
Patty Matters,7/17/2026,7/17/2026,10:00:00 AM,11:00:00 PM,07/17/2026 10:00 AM - 07/17/2026 11:00 PM,30 coldbrook St NE grand rapids 49503,30 coldbrook St NE grand rapids 49503,42.980965675312,-85.665695111112,geocoded
Freddy Frank's,7/17/2026,7/17/2026,11:30:00 AM,2:00:00 PM,07/17/2026 11:30 AM - 07/17/2026 2:00 PM,"5050 Byron Center Ave SW, Wyoming, Michigan 49519, United States","5050 Byron Center Ave SW, Wyoming, Michigan 49519",42.872807189297,-85.717724853064,geocoded
We Will Wok You DBA Island Noodles,7/17/2026,7/17/2026,1:00:00 PM,10:00:00 PM,07/17/2026 1:00 PM - 07/17/2026 10:00 PM,30 coldbrook st ne grand rapids mi 49503,30 coldbrook st NE grand rapids MI 49503,42.980965675312,-85.665695111112,geocoded
Kona Ice of Lowell,7/17/2026,7/17/2026,3:00:00 PM,5:00:00 PM,07/17/2026 3:00 PM - 07/17/2026 5:00 PM,"3902 Mayfield Ave NE, Grand Rapids, Michigan 49525, United States","3902 Mayfield Ave NE, Grand Rapids, Michigan 49525",43.034160711353,-85.63130181545,geocoded
Neko Taiyaki,7/17/2026,7/17/2026,5:00:00 PM,9:00:00 PM,07/17/2026 5:00 PM - 07/17/2026 9:00 PM,"3001 Monroe Ave NE, Grand Rapids, Michigan 49505, United States","3001 Monroe Ave NE, Grand Rapids, Michigan 49505",43.016974615584,-85.662080553907,geocoded
Runyon House Roasts,7/18/2026,7/18/2026,8:00:00 AM,2:00:00 PM,07/18/2026 8:00 AM - 07/18/2026 2:00 PM,"1145 Fulton St E, Grand Rapids, Michigan 49503, United States","1145 Fulton St E, Grand Rapids, Michigan 49503",42.962892364228,-85.640222088266,geocoded
Patty Matters,7/18/2026,7/18/2026,10:00:00 AM,11:00:00 PM,07/18/2026 10:00 AM - 07/18/2026 11:00 PM,30 coldbrook St NE grand rapids 49503,30 coldbrook St NE grand rapids 49503,42.980965675312,-85.665695111112,geocoded
Neko Taiyaki,7/18/2026,7/18/2026,12:00:00 PM,3:00:00 PM,07/18/2026 12:00 PM - 07/18/2026 3:00 PM,"2255 Alpine Ave NW, Grand Rapids, Michigan 49544, United States","2255 Alpine Ave NW, Grand Rapids, Michigan 49544",43.004894625863,-85.689019433078,geocoded
Patty Matters,7/18/2026,7/18/2026,4:30:00 PM,8:30:00 PM,07/18/2026 4:30 PM - 07/18/2026 8:30 PM,"4900 Breton Rd SE, Kentwood, Michigan 49512, United States","4900 Breton Rd SE, Kentwood, Michigan 49512",42.874644628202,-85.596592857315,geocoded
Freddy Frank's,7/18/2026,7/19/2026,5:00:00 PM,12:00:00 AM,07/18/2026 5:00 PM - 07/19/2026 12:00 AM,"114 E Main St SE, Caledonia, Michigan 49316, United States","114 E Main St SE, Caledonia, Michigan 49316",42.789067366528,-85.5158608805,geocoded
Patty Matters,7/19/2026,7/19/2026,10:00:00 AM,6:00:00 PM,07/19/2026 10:00 AM - 07/19/2026 6:00 PM,955 godfrey ave sw grand rapids mi,955 godfrey ave Grand Rapids MI,42.945896337249,-85.683792729715,geocoded
Neko Taiyaki,7/19/2026,7/19/2026,12:00:00 PM,3:00:00 PM,07/19/2026 12:00 PM - 07/19/2026 3:00 PM,"928 Wealthy St SE, Grand Rapids, Michigan 49506, United States","928 Wealthy St SE, Grand Rapids, Michigan 49506",42.955156957244,-85.645707457161,geocoded
ZOMBurgers,7/20/2026,7/20/2026,4:00:00 PM,7:00:00 PM,07/20/2026 4:00 PM - 07/20/2026 7:00 PM,"2655 Grand Castle Blvd SW, Grandville, Michigan 49418, United States","2655 Grand Castle Blvd SW, Grandville, Michigan 49418",42.91538021663,-85.760202494338,geocoded
MAC Snack Wagon,7/21/2026,7/21/2026,8:00:00 AM,9:00:00 AM,07/21/2026 8:00 AM - 07/21/2026 9:00 AM,"4590 Cascade Rd SE, Grand Rapids, Michigan 49546, United States","4590 Cascade Rd SE, Grand Rapids, Michigan 49546",42.94579588014,-85.556223599965,geocoded
The Falafel Truck,7/21/2026,7/21/2026,8:00:00 AM,11:00:00 PM,07/21/2026 8:00 AM - 07/21/2026 11:00 PM,"7239 Thornapple River Dr SE, Ada, Michigan 49301, United States","7239 Thornapple River Dr SE, Ada, Michigan 49301",42.955707145369,-85.488896549441,geocoded
The Macatawa Snack Wagon,7/21/2026,7/21/2026,1:00:00 PM,3:00:00 PM,07/21/2026 1:00 PM - 07/21/2026 3:00 PM,"2515 Alpine Ave NW, Grand Rapids, Michigan 49544, United States","2515 Alpine Ave NW, Grand Rapids, Michigan 49544",43.010054651187,-85.690098435474,geocoded
Patty Matters,7/21/2026,7/21/2026,5:00:00 PM,8:00:00 PM,07/21/2026 5:00 PM - 07/21/2026 8:00 PM,"847 Greenbrier Dr SE, Grand Rapids, Michigan 49546, United States","847 Greenbrier Dr SE, Grand Rapids, Michigan 49546",42.949050573143,-85.557131946812,geocoded
MAC Snack Wagon,7/22/2026,7/22/2026,8:00:00 AM,9:00:00 AM,07/22/2026 8:00 AM - 07/22/2026 9:00 AM,"3191 44th St SW, Grandville, MI 49418","3191 44th St SW, Grandville, MI 49418",42.885273677709,-85.742620530418,geocoded
Runyon House Roasts,7/22/2026,7/22/2026,8:00:00 AM,2:00:00 PM,07/22/2026 8:00 AM - 07/22/2026 2:00 PM,"1145 Fulton St E, Grand Rapids, Michigan 49503, United States","1145 Fulton St E, Grand Rapids, Michigan 49503",42.962892364228,-85.640222088266,geocoded
Sodalicious Sips,7/22/2026,7/22/2026,9:00:00 AM,9:30:00 AM,07/22/2026 9:00 AM - 07/22/2026 9:30 AM,"5300 Patterson Ave SE 200, Kentwood, MI 49512","5300 Patterson Ave SE 200, Kentwood, MI 49512",42.867956456201,-85.544864444781,geocoded
Patty Matters,7/23/2026,7/23/2026,11:00:00 AM,1:00:00 PM,07/23/2026 11:00 AM - 07/23/2026 1:00 PM,"701 Ball Ave NE, Grand Rapids, Michigan 49503, United States","701 Ball Ave NE, Grand Rapids, Michigan 49503",42.975348983773,-85.630062708197,geocoded
Patty Matters,7/23/2026,7/23/2026,4:00:00 PM,8:00:00 PM,07/23/2026 4:00 PM - 07/23/2026 8:00 PM,"4055 Maple St SW, Grandville, Michigan 49418, United States","4055 Maple St SW, Grandville, Michigan 49418",42.907771334475,-85.764574243577,geocoded
Sanse Food,7/23/2026,7/23/2026,4:00:00 PM,8:00:00 PM,07/23/2026 4:00 PM - 07/23/2026 8:00 PM,"4900 Breton Rd SE, Kentwood, Michigan 49512, United States","4900 Breton Rd SE, Kentwood, Michigan 49512",42.874644628202,-85.596592857315,geocoded
Runyon House Roasts,7/24/2026,7/24/2026,8:00:00 AM,2:00:00 PM,07/24/2026 8:00 AM - 07/24/2026 2:00 PM,"1145 Fulton St E, Grand Rapids, Michigan 49503, United States","1145 Fulton St E, Grand Rapids, Michigan 49503",42.962892364228,-85.640222088266,geocoded
Neko Taiyaki,7/24/2026,7/24/2026,5:00:00 PM,9:00:00 PM,07/24/2026 5:00 PM - 07/24/2026 9:00 PM,"3001 Monroe Ave NE, Grand Rapids, Michigan 49505, United States","3001 Monroe Ave NE, Grand Rapids, Michigan 49505",43.016974615584,-85.662080553907,geocoded
Patty Matters,7/24/2026,7/24/2026,5:30:00 PM,7:30:00 PM,07/24/2026 5:30 PM - 07/24/2026 7:30 PM,1001 E beltline ave ne grand rapids,1001 E beltline ave NE grand rapids,42.982007042962,-85.593403375518,geocoded
Runyon House Roasts,7/25/2026,7/25/2026,8:00:00 AM,2:00:00 PM,07/25/2026 8:00 AM - 07/25/2026 2:00 PM,"1145 Fulton St E, Grand Rapids, Michigan 49503, United States","1145 Fulton St E, Grand Rapids, Michigan 49503",42.962892364228,-85.640222088266,geocoded
Patty Matters,7/25/2026,7/25/2026,11:00:00 AM,2:00:00 PM,07/25/2026 11:00 AM - 07/25/2026 2:00 PM,"847 Greenbrier Dr SE, Grand Rapids, Michigan 49546, United States","847 Greenbrier Dr SE, Grand Rapids, Michigan 49546",42.949050573143,-85.557131946812,geocoded
Runyon House Roasts,7/26/2026,7/26/2026,8:00:00 AM,2:00:00 PM,07/26/2026 8:00 AM - 07/26/2026 2:00 PM,"1145 Fulton St E, Grand Rapids, Michigan 49503, United States","1145 Fulton St E, Grand Rapids, Michigan 49503",42.962892364228,-85.640222088266,geocoded
Patty Matters,7/26/2026,7/26/2026,9:00:00 AM,2:00:00 PM,07/26/2026 9:00 AM - 07/26/2026 2:00 PM,"301 36th St SW, Grand Rapids, Michigan 49548, United States","301 36th St SW, Grand Rapids, Michigan 49548",42.899060064414,-85.672076673094,geocoded
The Falafel Truck,7/26/2026,7/26/2026,11:00:00 AM,4:00:00 PM,07/26/2026 11:00 AM - 07/26/2026 4:00 PM,"1145 Fulton St E, Grand Rapids, Michigan 49503, United States","1145 Fulton St E, Grand Rapids, Michigan 49503",42.962892364228,-85.640222088266,geocoded
Patty Matters,7/28/2026,7/28/2026,11:00:00 AM,2:00:00 PM,07/28/2026 11:00 AM - 07/28/2026 2:00 PM,"7239 Thornapple River Dr SE, Ada, Michigan 49301, United States","7239 Thornapple River Dr SE, Ada, Michigan 49301",42.955707145369,-85.488896549441,geocoded
Runyon House Roasts,7/29/2026,7/29/2026,8:00:00 AM,2:00:00 PM,07/29/2026 8:00 AM - 07/29/2026 2:00 PM,"1145 Fulton St E, Grand Rapids, Michigan 49503, United States","1145 Fulton St E, Grand Rapids, Michigan 49503",42.962892364228,-85.640222088266,geocoded
Patty Matters,7/30/2026,7/30/2026,4:00:00 PM,8:00:00 PM,07/30/2026 4:00 PM - 07/30/2026 8:00 PM,"4055 Maple St SW, Grandville, Michigan 49418, United States","4055 Maple St SW, Grandville, Michigan 49418",42.907771334475,-85.764574243577,geocoded
Runyon House Roasts,7/31/2026,7/31/2026,8:00:00 AM,2:00:00 PM,07/31/2026 8:00 AM - 07/31/2026 2:00 PM,"1145 Fulton St E, Grand Rapids, Michigan 49503, United States","1145 Fulton St E, Grand Rapids, Michigan 49503",42.962892364228,-85.640222088266,geocoded
Bessie's Burgers,8/1/2026,8/1/2026,10:00:00 AM,10:00:00 PM,08/01/2026 10:00 AM - 08/01/2026 10:00 PM,"1155 28th St SW, Wyoming, Michigan 49509, United States","1155 28th St SW, Wyoming, Michigan 49509",42.914038525389,-85.694530450597,geocoded
MSS Foods-Taco,8/4/2026,8/9/2026,12:00:00 AM,12:00:00 AM,08/04/2026 12:00 AM - 08/09/2026 12:00 AM,"13801 Cascade Rd SE, Lowell, Michigan 49331, United States","13801 Cascade Rd SE, Lowell, Michigan 49331",42.88958729845,-85.322904607897,geocoded
Kool Breeze,8/7/2026,8/7/2026,8:00:00 AM,9:00:00 AM,08/07/2026 8:00 AM - 08/07/2026 9:00 AM,"75 N Union St, Sparta, Michigan 49345, United States","75 N Union St, Sparta, Michigan 49345",43.162380360608,-85.70747730588,geocoded
Sanse Food,8/7/2026,8/7/2026,5:00:00 PM,9:00:00 PM,08/07/2026 5:00 PM - 08/07/2026 9:00 PM,"2797 Monroe Ave NE, Grand Rapids, Michigan 49505, United States","2797 Monroe Ave NE, Grand Rapids, Michigan 49505",43.014004353357,-85.663662665975,geocoded
Sodalicious Sips,8/11/2026,8/11/2026,8:30:00 AM,9:00:00 AM,08/11/2026 8:30 AM - 08/11/2026 9:00 AM,"5300 Patterson Ave SE 200, Kentwood, MI 49512","5300 Patterson Ave SE 200, Kentwood, MI 49512",42.867956456201,-85.544864444781,geocoded
Waffle Stix,8/15/2026,8/15/2026,8:00:00 AM,9:00:00 AM,08/15/2026 8:00 AM - 08/15/2026 9:00 AM,"4425 14 Mile Rd NE, Rockford, MI 49341","4425 14 Mile Rd NE, Rockford, MI 49341",43.177658306983,-85.560226713102,geocoded
Macatawa Snack Wagon,8/19/2026,8/19/2026,8:00:00 AM,8:30:00 AM,08/19/2026 8:00 AM - 08/19/2026 8:30 AM,"1575 68th St SE, Grand Rapids, Michigan 49508, United States","1575 68th St SE, Grand Rapids, Michigan 49508",42.841432887521,-85.625513524574,geocoded
Macatawa Bank Snack Wagon,8/19/2026,8/19/2026,3:00:00 PM,5:30:00 PM,08/19/2026 3:00 PM - 08/19/2026 5:30 PM,"4590 Cascade Rd SE, Grand Rapids, Michigan 49546, United States","4590 Cascade Rd SE, Grand Rapids, Michigan 49546",42.94579588014,-85.556223599965,geocoded
Desi's Snow Shack,8/20/2026,8/20/2026,8:00:00 AM,9:00:00 AM,08/20/2026 8:00 AM - 08/20/2026 9:00 AM,"4900 Breton Rd SE, Kentwood, MI 49508","4900 Breton Rd SE, Kentwood, MI 49508",42.874644628202,-85.596592857315,geocoded
Macatawa Snack Wagon,8/26/2026,8/26/2026,8:00:00 AM,9:00:00 AM,08/26/2026 8:00 AM - 08/26/2026 9:00 AM,"3177 Knapp St NE, Grand Rapids, MI 49525","3177 Knapp St NE, Grand Rapids, MI 49525",42.999174898956,-85.591178231682,geocoded
Macatawa Bank Snack Wagon,8/28/2026,8/28/2026,8:00:00 AM,8:30:00 AM,08/28/2026 8:00 AM - 08/28/2026 8:30 AM,"8555 Kalamazoo Ave SE, Caledonia, MI 49316","8555 Kalamazoo Ave SE, Caledonia, MI 49316",42.810781650623,-85.626576768992,geocoded
Family Thyme Foods,10/2/2026,10/2/2026,8:00:00 AM,9:00:00 AM,10/02/2026 8:00 AM - 10/02/2026 9:00 AM,7970 Snow Ave Lowell,"7970 Snow Ave Lowell, MI",42.888827395108,-85.429937739591,geocoded
"Elliot's Amusements, 4 Trailers - Sausage, Lemonade, Elephant ears, Popcorn (X4 NOIs)",10/2/2026,10/4/2026,10:00:00 AM,11:00:00 AM,10/02/2026 10:00 AM - 10/04/2026 11:00 AM,"95 S Main St NE, Cedar Springs, MI 49319","95 S Main St NE, Cedar Springs, MI 49319",43.215789196227,-85.551134079629,geocoded
